Title,Price,Reduction,Rooms,Bathrooms,Meters,Province
Planta baja con calefacción en  Barcelona Capital ,285.000 €, 10.000 €,1 hab.,1 baño,60 m²,barcelona
"Piso con balcón en Avinyo,  Barcelona Capital ",495.000 €, 55.000 €,2 habs.,1 baño,110 m²,barcelona
Piso con balcón en  Barcelona Capital ,470.000 €,-,2 habs.,2 baños,80 m²,barcelona
Piso con balcón en Cerdanyola del Vallès ,209.000 €, 16.000 €,4 habs.,2 baños,108 m²,barcelona
Apartamento con balcón en  Barcelona Capital ,895.000 €,-,5 habs.,2 baños,173 m²,barcelona
"Piso con terraza en Clotet de, L'Hospitalet de Llobregat ",179.000 €, 6.000 €,3 habs.,1 baño,70 m²,barcelona
Piso con ascensor en  Barcelona Capital ,335.000 €, 40.000 €,2 habs.,1 baño,83 m²,barcelona
"Piso con ascensor en De Vallmajor,  Barcelona Capital ",2.190.000 €,-,7 habs.,4 baños,358 m²,barcelona
Piso con balcón en  Barcelona Capital ,645.000 €,-,2 habs.,2 baños,76 m²,barcelona
Piso con terraza en  Barcelona Capital ,1.050.000 €,-,5 habs.,2 baños,144 m²,barcelona
Piso con terraza en  Barcelona Capital ,995.000 €,-,4 habs.,2 baños,141 m²,barcelona
Loft con terraza en  Barcelona Capital ,310.000 €, 25.000 €,1 hab.,1 baño,105 m²,barcelona
Casa o chalet con terraza en Sant Cugat del Vallès ,395.000 €,-,4 habs.,2 baños,160 m²,barcelona
"Piso con terraza en Carrer de Raset,  Barcelona Capital ",2.290.000 €,-,5 habs.,5 baños,358 m²,barcelona
"Piso con 1 baño en Churruca, L'Hospitalet de Llobregat ",120.000 €, 7.000 €,3 habs.,1 baño,59 m²,barcelona
Casa adosada con terraza en Sant Cugat del Vallès ,698.000 €,-,3 habs.,3 baños,120 m²,barcelona
Casa o chalet con terraza en Sabadell ,498.500 €, 31.500 €,4 habs.,4 baños,227 m²,barcelona
Casa adosada con terraza en El Masnou ,635.000 €,-,4 habs.,3 baños,227 m²,barcelona
Piso con balcón en  Barcelona Capital ,460.000 €,-,3 habs.,2 baños,113 m²,barcelona
"Piso en Carrer Flassaders, 42,  Barcelona Capital ",595.000 €,-,5 habs.,1 baño,162 m²,barcelona
"Piso en Carrer de València, 197,  Barcelona Capital ",1.300.000 €,-,4 habs.,3 baños,207 m²,barcelona
"Piso en Carrer de València, 197,  Barcelona Capital ",1.300.000 €,-,4 habs.,3 baños,207 m²,barcelona
"Piso en Carrer de Ribes, 103,  Barcelona Capital ",258.000 €,-,2 habs.,1 baño,45 m²,barcelona
"Piso en Bailen, 58,  Barcelona Capital ",385.000 €, 10.000 €,3 habs.,2 baños,86 m²,barcelona
"Ático en Carrer de Roger de Llúria, 29,  Barcelona Capital ",1.695.000 €, 295.000 €,5 habs.,3 baños,293 m²,barcelona
"Ático en Carretera de Teià, 2, Teià ",519.000 €,-,3 habs.,2 baños,109 m²,barcelona
"Piso con balcón en Rambla de Prim,  Barcelona Capital ",220.000 €,-,3 habs.,1 baño,76 m²,barcelona
"Piso con terraza en Carrer de Galileu, Terrassa ",330.000 €,-,4 habs.,2 baños,217 m²,barcelona
Piso con terraza en  Barcelona Capital ,570.000 €,-,4 habs.,2 baños,122 m²,barcelona
"Apartamento con terraza en Riera, Pineda de Mar ",185.000 €,-,3 habs.,2 baños,112 m²,barcelona
"Casa o chalet en Arts, 19, Corbera de Llobregat ",299.500 €, 25.500 €,4 habs.,2 baños,196 m²,barcelona
"Piso con piscina en Carrer del Treball,  Barcelona Capital ",265.500 €,-,3 habs.,1 baño,73 m²,barcelona
"Planta baja con terraza en Cellerot, Sitges ",950.000 €,-,3 habs.,2 baños,107 m²,barcelona
"Piso con balcón en Calaf,  Barcelona Capital ",700.000 €,-,3 habs.,2 baños,100 m²,barcelona
"Piso con terraza en Balmes,  Barcelona Capital ",577.000 €, 53.000 €,2 habs.,1 baño,143 m²,barcelona
Piso con terraza en  Barcelona Capital ,435.000 €, 55.000 €,3 habs.,2 baños,115 m²,barcelona
"Casa o chalet con calefacción en Ter. del, Vacarisses ",180.000 €,-,2 habs.,1 baño,68 m²,barcelona
"Piso con terraza en Provença,  Barcelona Capital ",1.095.000 €,-,5 habs.,2 baños,159 m²,barcelona
Piso con terraza en  Barcelona Capital ,1.600.000 €,-,3 habs.,2 baños,195 m²,barcelona
Piso con ascensor en  Barcelona Capital ,220.000 €,-,4 habs.,1 baño,97 m²,barcelona
Casa o chalet con terraza en Viladecans ,475.000 €,-,4 habs.,2 baños,138 m²,barcelona
Finca rústica con terraza en Sant Vicenç de Castellet ,105.000 €,-,2 habs.,1 baño,124 m²,barcelona
Piso con terraza en Sabadell ,289.000 €,-,4 habs.,2 baños,101 m²,barcelona
Piso con aire acondicionado en Viladecans ,137.000 €,-,2 habs.,1 baño,67 m²,barcelona
"Piso con balcón en Assaonadors,  Barcelona Capital ",276.000 €,-,3 habs.,1 baño,80 m²,barcelona
"Piso con balcón en Diputacio,  Barcelona Capital ",295.000 €, 10.000 €,2 habs.,1 baño,50 m²,barcelona
Piso con balcón en  Barcelona Capital ,678.000 €,-,3 habs.,2 baños,119 m²,barcelona
Piso con ascensor en  Barcelona Capital ,690.000 €,-,5 habs.,2 baños,133 m²,barcelona
Piso con balcón en Rubí ,186.900 €, 2.100 €,3 habs.,1 baño,93 m²,barcelona
Piso con ascensor en Castellar del Vallès ,160.000 €, 12.000 €,3 habs.,2 baños,85 m²,barcelona
"Dúplex con terraza en Carrer de Copèrnic,  Barcelona Capital ",2.200.000 €,-,6 habs.,5 baños,280 m²,barcelona
"Piso con balcón en Carrer de Balmes,  Barcelona Capital ",795.000 €, 55.000 €,4 habs.,2 baños,184 m²,barcelona
Casa o chalet con piscina en Sant Just Desvern ,975.000 €, 125.000 €,6 habs.,4 baños,328 m²,barcelona
Piso con terraza en Viladecans ,285.000 €,-,3 habs.,2 baños,70 m²,barcelona
"Piso en Carrer de Juli Garreta, 11, Sabadell ",169.000 €,-,3 habs.,1 baño,66 m²,barcelona
Piso con 1 baño en  Barcelona Capital ,350.000 €, 40.000 €,1 hab.,1 baño,159 m²,barcelona
Casa o chalet con terraza en Sabadell ,359.000 €, 10.000 €,3 habs.,3 baños,187 m²,barcelona
Casa o chalet con terraza en  Barcelona Capital ,1.280.000 €, 170.000 €,6 habs.,4 baños,333 m²,barcelona
Casa o chalet con 1 baño en Mataró ,295.000 €,-,3 habs.,1 baño,192 m²,barcelona
Casa o chalet con piscina en Sant Andreu de Llavaneres ,1.550.000 €,-,7 habs.,5 baños,606 m²,barcelona
"Piso en Europa, Sitges ",390.000 €,-,3 habs.,2 baños,107 m²,barcelona
"Dúplex con terraza en Carrer de Salmerón, Terrassa ",395.000 €,-,3 habs.,3 baños,160 m²,barcelona
Casa o chalet con piscina en Sant Cugat del Vallès ,725.000 €, 23.000 €,4 habs.,1 baño,170 m²,barcelona
"Piso con terraza en Gran Via de Le Corts Catalanes,  Barcelona Capital ",569.000 €, 16.000 €,4 habs.,2 baños,139 m²,barcelona
"Piso con terraza en Estronci, L'Hospitalet de Llobregat ",315.000 €,-,2 habs.,2 baños,66 m²,barcelona
"Piso con terraza en Irlanda, Santa Coloma de Gramenet ",285.000 €,-,4 habs.,2 baños,150 m²,barcelona
Piso con terraza en  Barcelona Capital ,249.000 €, 71.000 €,1 hab.,1 baño,124 m²,barcelona
Dúplex con calefacción en Mataró ,347.000 €, 43.000 €,2 habs.,3 baños,135 m²,barcelona
Piso con calefacción en  Barcelona Capital ,155.000 €, 20.000 €,3 habs.,1 baño,66 m²,barcelona
"Piso en Calabria, 230,  Barcelona Capital ",330.000 €, 20.000 €,3 habs.,1 baño,74 m²,barcelona
"Ático en Carrer Sant Agustí, 49, Mataró ",269.000 €, 16.000 €,2 habs.,2 baños,83 m²,barcelona
"Casa o chalet en Carrer Major, 319, Vallirana ",289.000 €,-,4 habs.,2 baños,146 m²,barcelona
"Ático en Carrer de Berenguer de Palou, 137,  Barcelona Capital ",390.000 €,-,3 habs.,2 baños,103 m²,barcelona
"Piso en Passatge de Valeri Serra, 19,  Barcelona Capital ",950.000 €,-,3 habs.,2 baños,133 m²,barcelona
"Piso en Blasco de Garay,de, 186, Terrassa ",209.000 €, 16.000 €,4 habs.,1 baño,100 m²,barcelona
"Piso con ascensor en C/ de Balmes,  Barcelona Capital ",492.000 €, 28.000 €,4 habs.,2 baños,126 m²,barcelona
"Piso con terraza en Duquessa de la Victoria,d, Terrassa ",153.500 €,-,3 habs.,-,83 m²,barcelona
"Piso con balcón en Londres,  Barcelona Capital ",400.000 €, 55.000 €,3 habs.,1 baño,85 m²,barcelona
"Piso con balcón en Carrer de Juan de Garay,  Barcelona Capital ",435.000 €,-,4 habs.,2 baños,105 m²,barcelona
"Piso con terraza en Ramblas,  Barcelona Capital ",960.000 €,-,3 habs.,3 baños,183 m²,barcelona
"Piso con ascensor en Plaça Dels Jardins D'elx,  Barcelona Capital ",383.000 €,-,4 habs.,1 baño,95 m²,barcelona
"Piso con terraza en Carrer D'antonio Machado, Viladecans ",313.000 €,-,3 habs.,2 baños,90 m²,barcelona
"Piso con terraza en Rius I Taulet, Sant Cugat del Vallès ",659.000 €,-,3 habs.,3 baños,154 m²,barcelona
"Piso en Cl Cerdanya de la, Sant Boi de Llobregat ",208.000 €,-,3 habs.,1 baño,75 m²,barcelona
"Piso con balcón en Carrer Progrés, Badalona ",399.000 €, 31.000 €,3 habs.,2 baños,109 m²,barcelona
"Piso con ascensor en Carretera Antiga de València, Badalona ",173.000 €, 6.000 €,4 habs.,1 baño,74 m²,barcelona
"Piso con terraza en Carrer de Balmes,  Barcelona Capital ",760.000 €,-,5 habs.,3 baños,172 m²,barcelona
Apartamento con balcón en  Barcelona Capital ,395.000 €,-,3 habs.,2 baños,94 m²,barcelona
"Piso con ascensor en Carrer Lepant,  Barcelona Capital ",449.000 €,-,1 hab.,1 baño,171 m²,barcelona
"Ático con terraza en Viladomat,  Barcelona Capital ",1.250.000 €,-,2 habs.,2 baños,125 m²,barcelona
"Dúplex con terraza en Blaumar, Sant Pere de Ribes ",565.000 €,-,3 habs.,2 baños,90 m²,barcelona
"Casa o chalet con piscina en Carrer Dels Plàtans, Sant Pere de Ribes ",870.000 €,-,4 habs.,4 baños,224 m²,barcelona
"Dúplex en Torello, 9, Vic ",235.000 €, 4.000 €,4 habs.,2 baños,135 m²,barcelona
Piso con terraza en  Barcelona Capital ,1.200.000 €,-,4 habs.,3 baños,200 m²,barcelona
Piso con balcón en  Barcelona Capital ,425.000 €,-,3 habs.,2 baños,94 m²,barcelona
Piso con balcón en Sant Adrià de Besòs ,189.000 €,-,2 habs.,1 baño,66 m²,barcelona
"Piso con terraza en Cami Dels Capellans, Sitges ",575.000 €,-,3 habs.,2 baños,106 m²,barcelona
"Casa adosada con terraza en Carrer D'ignasi Iglesias,  Barcelona Capital ",475.000 €,-,3 habs.,3 baños,125 m²,barcelona
Piso con piscina en Vilassar de Mar ,319.000 €, 11.000 €,3 habs.,2 baños,108 m²,barcelona
Piso con terraza en Vilassar de Mar ,365.000 €,-,4 habs.,2 baños,103 m²,barcelona
"Ático con terraza en Angel Guimera, D', Terrassa ",224.957 €,-,3 habs.,2 baños,87 m²,barcelona
"Finca rústica con terraza en Cartella (can Domenech), Tordera ",495.000 €, 15.000 €,4 habs.,2 baños,216 m²,barcelona
Ático con terraza en Sant Cugat del Vallès ,990.000 €,-,4 habs.,3 baños,223 m²,barcelona
"Piso con piscina en Pau Alcover,  Barcelona Capital ",1.175.000 €, 75.000 €,3 habs.,2 baños,130 m²,barcelona
Piso con terraza en  Barcelona Capital ,575.000 €, 45.000 €,3 habs.,3 baños,135 m²,barcelona
"Dúplex en C/ Joaquim Auger, Sant Boi de Llobregat ",190.000 €, 14.300 €,2 habs.,2 baños,77 m²,barcelona
Piso con terraza en  Barcelona Capital ,725.000 €,-,2 habs.,2 baños,128 m²,barcelona
Ático con terraza en Castelldefels ,370.000 €,-,4 habs.,1 baño,87 m²,barcelona
Casa o chalet con piscina en Sant Pol de Mar ,560.000 €,-,7 habs.,4 baños,280 m²,barcelona
"Piso con terraza en Calvet,  Barcelona Capital ",1.700.000 €,-,5 habs.,4 baños,346 m²,barcelona
"Piso con terraza en Sor Rita Mercader, Igualada ",279.000 €, 16.000 €,3 habs.,2 baños,125 m²,barcelona
"Piso con ascensor en Moreres, Sabadell ",117.000 €,-,3 habs.,1 baño,89 m²,barcelona
"Piso con balcón en Gran Via de Les Corts Catalanes,  Barcelona Capital ",660.000 €, 40.000 €,4 habs.,2 baños,147 m²,barcelona
Piso con terraza en Terrassa ,330.000 €,-,4 habs.,2 baños,217 m²,barcelona
Piso con terraza en Santa Perpètua de Mogoda ,264.900 €,-,3 habs.,1 baño,94 m²,barcelona
"Casa adosada con terraza en Carrer de Les Margarides, Viladecans ",636.300 €,-,7 habs.,4 baños,246 m²,barcelona
"Casa o chalet con terraza en Moret, Sitges ",749.000 €,-,4 habs.,3 baños,178 m²,barcelona
"Casa adosada con terraza en Escriptor Josep Roig I Raventos, Sitges ",890.000 €,-,4 habs.,3 baños,221 m²,barcelona
"Piso en C/ Colón, Calella ",185.000 €, 26.600 €,2 habs.,2 baños,60 m²,barcelona
Casa o chalet con piscina en Vallirana ,269.000 €,-,3 habs.,1 baño,153 m²,barcelona
"Casa o chalet con 3 baños en Pere Quart, Castell-Platja d'Aro ",1.450.000 €,-,4 habs.,3 baños,280 m²,girona
"Casa o chalet con piscina en Can Semís, Castell-Platja d'Aro ",779.000 €, 71.000 €,4 habs.,3 baños,381 m²,girona
"Piso en Maritim, 18, Castell-Platja d'Aro ",669.000 €, 66.000 €,3 habs.,2 baños,140 m²,girona
"Casa o chalet con piscina en Carrer del Pi, Castell-Platja d'Aro ",1.420.000 €,-,5 habs.,5 baños,240 m²,girona
"Piso con terraza en Carrer Príncep, Girona Capital ",346.000 €,-,3 habs.,2 baños,108 m²,girona
"Piso con terraza en Hortes, Girona Capital ",330.000 €, 10.000 €,3 habs.,2 baños,106 m²,girona
"Casa o chalet en Xiprer, 23, Calonge ",475.000 €,-,5 habs.,6 baños,425 m²,girona
"Piso con piscina en Passeig Dels Guixols, Sant Feliu de Guíxols ",330.000 €,-,2 habs.,2 baños,104 m²,girona
Ático con terraza en Girona Capital ,278.000 €, 7.000 €,3 habs.,1 baño,86 m²,girona
"Piso con terraza en Gran Via Jaume I, Girona Capital ",470.000 €,-,3 habs.,2 baños,131 m²,girona
"Planta baja con terraza en Avinguda Castell D'aro, Castell-Platja d'Aro ",395.000 €,-,4 habs.,2 baños,133 m²,girona
"Piso con terraza en Rutlla, Girona Capital ",230.000 €,-,2 habs.,2 baños,68 m²,girona
"Casa adosada con piscina en Grumet, Sant Feliu de Guíxols ",1.890.000 €,-,8 habs.,6 baños,464 m²,girona
"Piso con balcón en La Salle, Girona Capital ",580.000 €,-,4 habs.,3 baños,218 m²,girona
"Piso con 2 baños en De la Unió, Calonge ",235.000 €,-,3 habs.,2 baños,110 m²,girona
"Ático con ascensor en Orquídies, Castell-Platja d'Aro ",1.325.000 €,-,3 habs.,2 baños,140 m²,girona
Casa o chalet con calefacción en Fontanals de Cerdanya ,690.000 €,-,4 habs.,3 baños,165 m²,girona
Ático con 2 baños en Calonge ,378.000 €,-,3 habs.,2 baños,90 m²,girona
Apartamento con 1 baño en Castell-Platja d'Aro ,220.000 €,-,2 habs.,1 baño,52 m²,girona
Piso con 2 baños en Puigcerdà ,114.000 €, 6.000 €,3 habs.,2 baños,76 m²,girona
"Piso en Carrer de Roma, 14, Castell-Platja d'Aro ",290.000 €,-,-,-,-,girona
Apartamento con calefacción en Palamós ,176.000 €,-,2 habs.,1 baño,65 m²,girona
"Casa o chalet en Carrer D'antoni Capmany, 84, Sant Feliu de Guíxols ",380.000 €,-,4 habs.,2 baños,287 m²,girona
"Piso con terraza en Carrer Algavira, Sant Feliu de Guíxols ",101.000 €, 15.665 €,2 habs.,1 baño,81 m²,girona
"Piso con 2 baños en Carrer Nostra Senyora de Fanals, Castell-Platja d'Aro ",230.000 €,-,3 habs.,2 baños,70 m²,girona
"Casa o chalet con piscina en Orbita, Lloret de Mar ",300.000 €,-,4 habs.,2 baños,189 m²,girona
Casa o chalet con piscina en Lloret de Mar ,450.000 €,-,3 habs.,3 baños,229 m²,girona
Casa o chalet con piscina en Calonge ,1.900.000 €,-,4 habs.,4 baños,386 m²,girona
"Piso con ascensor en Pla de Fenals, Lloret de Mar ",220.000 €,-,3 habs.,2 baños,115 m²,girona
Piso con ascensor en Girona Capital ,225.000 €,-,2 habs.,1 baño,78 m²,girona
Planta baja con piscina en Roses ,113.000 €,-,1 hab.,1 baño,50 m²,girona
"Apartamento con terraza en Josep Mundet, Calonge ",758.000 €,-,3 habs.,2 baños,95 m²,girona
"Apartamento en Carrer de Queralbs, 7f, Castell-Platja d'Aro ",199.000 €,-,2 habs.,2 baños,66 m²,girona
"Apartamento en Del Mar, 24, Palamós ",390.000 €, 10.000 €,1 hab.,1 baño,50 m²,girona
Casa o chalet con terraza en Darnius ,235.000 €,-,4 habs.,1 baño,144 m²,girona
Piso con balcón en Figueres ,225.000 €,-,3 habs.,2 baños,117 m²,girona
"Piso en Carrer Moll, Palamós ",446.000 €,-,3 habs.,2 baños,127 m²,girona
"Apartamento en Carrer del Pintor Enric Serra, 55, L'Escala ",320.000 €,-,3 habs.,2 baños,94 m²,girona
"Piso con 1 baño en Avinguda de Passapera, Lloret de Mar ",130.000 €,-,1 hab.,1 baño,48 m²,girona
"Dúplex con balcón en Carrer Joan Alsina, Girona Capital ",220.000 €, 10.000 €,2 habs.,2 baños,70 m²,girona
"Apartamento con piscina en De Besalú a Roses, Roses ",139.500 €,-,1 hab.,1 baño,61 m²,girona
Apartamento con terraza en Calonge ,1.050.000 €, 250.000 €,4 habs.,3 baños,251 m²,girona
Casa o chalet con 1 baño en Maçanet de la Selva ,150.000 €, 30.000 €,3 habs.,1 baño,85 m²,girona
Piso con terraza en Tossa de Mar ,230.000 €, 17.000 €,4 habs.,1 baño,99 m²,girona
"Piso en Carrer Prat de la Riba, 4, Castelló d'Empúries ",104.000 €, 8.000 €,3 habs.,1 baño,80 m²,girona
"Piso con balcón en Taialà , Girona Capital ",189.000 €,-,4 habs.,2 baños,125 m²,girona
"Apartamento en Carrer Nostra Senyora de Montserrat, 5, Castell-Platja d'Aro ",735.000 €,-,3 habs.,2 baños,140 m²,girona
"Piso en Montserrat Roig, 17, Vilablareix ",270.000 €,-,3 habs.,2 baños,93 m²,girona
"Piso en Tarragona, 7, Lloret de Mar ",127.000 €,-,4 habs.,2 baños,83 m²,girona
"Planta baja en Carrer Doctor Barraquer, 43, Roses ",155.000 €, 14.000 €,2 habs.,1 baño,66 m²,girona
"Ático en Santa Eugenia, 102, Girona Capital ",278.000 €, 19.000 €,3 habs.,1 baño,85 m²,girona
"Casa o chalet en Carrer Perdiu, Sant Feliu de Guíxols ",395.000 €, 55.000 €,5 habs.,3 baños,240 m²,girona
"Piso en Carrer la Garrotxa, 21, Castell-Platja d'Aro ",319.000 €, 30.000 €,3 habs.,2 baños,83 m²,girona
"Piso en Carrer Sa Musclera, 1, Castell-Platja d'Aro ",275.000 €, 30.000 €,2 habs.,1 baño,71 m²,girona
"Ático con terraza en C/ Església, Castell-Platja d'Aro ",399.000 €, 50.000 €,4 habs.,3 baños,168 m²,girona
"Apartamento con terraza en Avinguda del Cavall Bernat, Castell-Platja d'Aro ",210.000 €,-,2 habs.,2 baños,91 m²,girona
"Piso con terraza en Calle Espronceda, Blanes ",80.000 €,-,1 hab.,1 baño,58 m²,girona
"Piso con terraza en Ronda Ferran Puig, Girona Capital ",300.000 €,-,3 habs.,3 baños,124 m²,girona
"Piso con terraza en Carrer de Barcelona, Girona Capital ",370.000 €,-,4 habs.,2 baños,101 m²,girona
"Planta baja con terraza en Carretera de Sant Feliu a Sant Pol Per la Costa, Sant Feliu de Guíxols ",410.000 €, 10.000 €,3 habs.,2 baños,90 m²,girona
"Apartamento con piscina en Travessia del Carrer Major, Calonge ",548.000 €,-,2 habs.,2 baños,77 m²,girona
"Casa o chalet con piscina en Carrer Armallader, Sant Feliu de Guíxols ",1.350.000 €,-,4 habs.,3 baños,285 m²,girona
"Apartamento con terraza en Carrer de Garbí, Santa Cristina d'Aro ",225.000 €,-,3 habs.,2 baños,74 m²,girona
"Dúplex con terraza en Carrer Sant Miquel, Girona Capital ",320.000 €,-,4 habs.,3 baños,130 m²,girona
"Dúplex con ascensor en Carrer de Barcelona, Girona Capital ",239.000 €, 19.000 €,3 habs.,2 baños,132 m²,girona
"Casa o chalet con piscina en Carrer del Robí, Calonge ",1.495.000 €,-,4 habs.,3 baños,264 m²,girona
"Casa adosada con piscina en Central Esglesia, Ger ",770.000 €, 25.000 €,5 habs.,4 baños,240 m²,girona
"Apartamento con piscina en Carretera Sant Feliu a S'agaró, Sant Feliu de Guíxols ",290.000 €,-,2 habs.,1 baño,72 m²,girona
"Ático con terraza en Carrer Riu Segre, Girona Capital ",295.760 €, 13.240 €,3 habs.,1 baño,93 m²,girona
"Apartamento con piscina en De Besalu a Roses, Roses ",154.900 €,-,1 hab.,1 baño,53 m²,girona
"Casa adosada en Rutlla, 204, Girona Capital ",495.000 €,-,4 habs.,3 baños,155 m²,girona
"Ático con terraza en Carrer de Joan Goula, Sant Feliu de Guíxols ",450.000 €,-,3 habs.,3 baños,162 m²,girona
"Apartamento con terraza en Passeig del Mar, Sant Feliu de Guíxols ",585.000 €,-,3 habs.,3 baños,93 m²,girona
"Casa o chalet con piscina en Lloret de Mar, Lloret de Mar ",2.500.000 €,-,6 habs.,8 baños,894 m²,girona
"Casa o chalet con piscina en Carrer de L'anoia, Calonge ",450.000 €,-,4 habs.,3 baños,345 m²,girona
"Apartamento con terraza en Carrer Camèlies, Castell-Platja d'Aro ",199.000 €,-,2 habs.,1 baño,48 m²,girona
Dúplex con terraza en Girona Capital ,380.000 €,-,4 habs.,3 baños,146 m²,girona
"Piso en Santiago, 22, Girona Capital ",247.000 €,-,3 habs.,2 baños,92 m²,girona
"Piso en Venecia, 11, Lloret de Mar ",165.000 €,-,3 habs.,2 baños,113 m²,girona
"Piso con terraza en Travessia Cavall Bernat, Castell-Platja d'Aro ",299.000 €, 61.000 €,3 habs.,4 baños,72 m²,girona
"Planta baja con terraza en Carretera de Sant Feliu a Sant Pol Per la Costa, Sant Feliu de Guíxols ",475.000 €,-,2 habs.,1 baño,82 m²,girona
"Casa o chalet con piscina en Avinguda de la Manxa, Calonge ",380.000 €,-,4 habs.,3 baños,111 m²,girona
Ático con terraza en Girona Capital ,450.000 €,-,2 habs.,2 baños,132 m²,girona
"Apartamento con terraza en Carrer de Roma, Castell-Platja d'Aro ",338.000 €,-,3 habs.,2 baños,89 m²,girona
"Piso en Frederic Mistral, 2, Lloret de Mar ",149.000 €,-,3 habs.,1 baño,80 m²,girona
"Planta baja en Carrer de Fontanals, 2, Fontanals de Cerdanya ",570.000 €,-,3 habs.,2 baños,127 m²,girona
"Piso en Carrer de Santiago, 22, Girona Capital ",172.500 €,-,2 habs.,2 baños,67 m²,girona
"Casa o chalet con calefacción en Carrer D'oviedo, Sant Feliu de Guíxols ",323.000 €,-,3 habs.,2 baños,161 m²,girona
"Ático con terraza en Avinguda Castell D'aro, Castell-Platja d'Aro ",495.000 €,-,3 habs.,2 baños,120 m²,girona
"Casa o chalet en Carrer Xaloc, 1022, Maçanet de la Selva ",255.000 €,-,5 habs.,2 baños,214 m²,girona
"Casa o chalet con piscina en Carrer Madrid, Calonge ",1.090.000 €,-,5 habs.,6 baños,223 m²,girona
"Apartamento con terraza en Carrer Salins, Empuriabrava ",259.000 €,-,1 hab.,2 baños,56 m²,girona
"Apartamento con terraza en Sant Antoni, Calonge ",286.000 €,-,3 habs.,2 baños,84 m²,girona
Casa o chalet en Roses ,240.000 €, 39.000 €,2 habs.,2 baños,75 m²,girona
"Piso con piscina en Rafael Maso, Vilablareix ",265.000 €,-,3 habs.,2 baños,94 m²,girona
Casa o chalet en Empuriabrava ,634.000 €,-,4 habs.,3 baños,195 m²,girona
"Casa o chalet con piscina en Avinguda Volendam, L'Estartit ",630.000 €,-,6 habs.,5 baños,190 m²,girona
"Piso con terraza en Carrer Cala de Salionç, Tossa de Mar ",145.000 €,-,3 habs.,1 baño,64 m²,girona
"Apartamento con terraza en Carretera Sant Feliu a S'agaró, Sant Feliu de Guíxols ",780.000 €,-,3 habs.,2 baños,120 m²,girona
"Casa adosada con terraza en Avinguda de la Bocana, Roses ",445.000 €,-,3 habs.,4 baños,115 m²,girona
"Piso con terraza en Montilivi, Girona Capital ",330.000 €,-,3 habs.,2 baños,82 m²,girona
"Casa o chalet en Carrer Cerdanya, 1002, Maçanet de la Selva ",160.000 €,-,4 habs.,2 baños,110 m²,girona
"Casa o chalet en Carrer de L'escarlet, 008, Maçanet de la Selva ",189.000 €,-,3 habs.,2 baños,139 m²,girona
"Piso con ascensor en Carrer de la Moreneta, Salt ",165.000 €,-,2 habs.,2 baños,78 m²,girona
"Casa o chalet con terraza en Carrer Santa Magdalena, Sant Feliu de Guíxols ",270.000 €,-,4 habs.,2 baños,120 m²,girona
Piso con terraza en Girona Capital ,260.000 €,-,3 habs.,2 baños,103 m²,girona
"Casa o chalet en C/ Nicaragua, Lloret de Mar ",152.000 €, 17.000 €,5 habs.,3 baños,199 m²,girona
"Dúplex en Av Verona Terol, Castell-Platja d'Aro ",270.000 €, 25.000 €,2 habs.,1 baño,71 m²,girona
"Dúplex en Av Verona Terol, Castell-Platja d'Aro ",270.000 €, 25.000 €,2 habs.,1 baño,71 m²,girona
"Casa adosada con terraza en Carrer del Troc, Llívia ",542.000 €,-,3 habs.,2 baños,210 m²,girona
"Casa adosada con terraza en Madrid, Sant Feliu de Guíxols ",265.000 €,-,4 habs.,1 baño,192 m²,girona
"Casa o chalet en Emporda, 777, Maçanet de la Selva ",160.000 €,-,6 habs.,2 baños,110 m²,girona
"Piso en C/ Josep María Prat, Girona Capital ",66.000 €, 9.300 €,3 habs.,1 baño,54 m²,girona
Casa o chalet en Empuriabrava ,1.075.000 €,-,3 habs.,2 baños,150 m²,girona
"Casa o chalet con terraza en Carrer Pep Ventura, Sant Miquel de Fluvià ",390.000 €,-,3 habs.,2 baños,115 m²,girona
"Casa o chalet con terraza en Carrer Coma, Llançà ",560.000 €, 30.000 €,4 habs.,3 baños,245 m²,girona
"Casa o chalet con terraza en Carrer Montseny, Empuriabrava ",279.000 €,-,3 habs.,4 baños,103 m²,girona
"Casa o chalet con terraza en Carrer Port Sotavent, Empuriabrava ",284.000 €,-,4 habs.,4 baños,102 m²,girona
"Piso con piscina en Camp  D'or, Girona Capital ",292.000 €,-,2 habs.,2 baños,92 m²,girona
"Piso en C/ Sant Jordi, Figueres ",112.000 €, 12.600 €,3 habs.,2 baños,93 m²,girona
"Casa o chalet con terraza en Josep Maria Masramon, Girona Capital ",495.000 €,-,5 habs.,3 baños,205 m²,girona
"Ático en Carretera de Mollet, 24a, Peralada ",240.000 €,-,3 habs.,2 baños,80 m²,girona
"Piso con piscina en Mestra Numancia, Calonge ",286.000 €,-,3 habs.,2 baños,88 m²,girona
Apartamento con terraza en Calonge ,294.000 €,-,2 habs.,1 baño,75 m²,girona
Casa o chalet con piscina en Riells i Viabrea ,325.000 €, 8.000 €,4 habs.,2 baños,226 m²,girona
Piso en Roses ,133.000 €, 10.000 €,1 hab.,1 baño,60 m²,girona
"Casa o chalet en C/ Travesera del Consul Roses, Castelló d'Empúries ",118.000 €, 16.400 €,3 habs.,1 baño,74 m²,girona
Apartamento con terraza en Palamós ,177.000 €,-,2 habs.,1 baño,55 m²,girona
Casa o chalet con terraza en Castell-Platja d'Aro ,890.000 €, 105.000 €,4 habs.,3 baños,250 m²,girona
"Piso con ascensor en Carme, Girona Capital ",160.000 €,-,2 habs.,1 baño,55 m²,girona
"Piso con balcón en Carretera de Palamós, Sant Feliu de Guíxols ",175.000 €,-,2 habs.,2 baños,64 m²,girona
"Piso con terraza en Carrer Església, Castell-Platja d'Aro ",210.000 €,-,3 habs.,1 baño,70 m²,girona
"Casa o chalet con terraza en Santa Llucia, Llançà ",230.000 €,-,4 habs.,3 baños,256 m²,girona
"Ático con terraza en Pujada del Mirador, Portbou ",130.000 €,-,4 habs.,2 baños,90 m²,girona
Casa adosada con terraza en Salt ,216.000 €,-,4 habs.,2 baños,222 m²,girona
"Estudio con terraza en De la Platja, Roses ",82.000 €,-,-,1 baño,38 m²,girona
"Apartamento con terraza en Josep Romañach, Roses ",189.000 €,-,2 habs.,1 baño,71 m²,girona
Piso con terraza en Girona Capital ,775.000 €,-,4 habs.,4 baños,215 m²,girona
Dúplex con terraza en Cassà de la Selva ,220.000 €, 10.000 €,3 habs.,2 baños,144 m²,girona
"Piso con terraza en Passeig del Mar, Sant Feliu de Guíxols ",590.000 €, 25.000 €,4 habs.,3 baños,176 m²,girona
Casa o chalet con terraza en Palamós ,690.000 €,-,6 habs.,4 baños,333 m²,girona
"Casa o chalet con terraza en De la Cala Trencada, Roses ",260.000 €,-,2 habs.,1 baño,69 m²,girona
Piso con calefacción en Colera ,139.000 €,-,2 habs.,1 baño,77 m²,girona
"Piso con 2 baños en Carrer del Sis D'octubre de 1869, La Bisbal d'Empordà ",170.000 €,-,3 habs.,2 baños,88 m²,girona
"Ático con terraza en Emili Grahit, Girona Capital ",695.000 €,-,4 habs.,2 baños,140 m²,girona
"Dúplex con terraza en Carrer Bateria, Palamós ",295.000 €,-,3 habs.,2 baños,90 m²,girona
Casa adosada con terraza en Vilobí d'Onyar ,330.000 €,-,3 habs.,3 baños,177 m²,girona
Casa o chalet con piscina en Lloret de Mar ,280.000 €,-,3 habs.,2 baños,137 m²,girona
"Piso con terraza en Barcelona, Girona Capital ",360.000 €,-,3 habs.,1 baño,110 m²,girona
"Piso con terraza en Carrer Punta Prima, Castell-Platja d'Aro ",675.000 €, 25.000 €,1 hab.,2 baños,78 m²,girona
Casa o chalet con terraza en Prats i Sansor ,1.585.000 €,-,5 habs.,6 baños,420 m²,lleida
Ático con ascensor en  Lleida Capital ,158.000 €,-,3 habs.,2 baños,114 m²,lleida
"Dúplex en Carrer de Vallcalent, 45,  Lleida Capital ",245.000 €,-,4 habs.,2 baños,147 m²,lleida
"Piso en Carrer de Pere de Cabrera, 34,  Lleida Capital ",335.000 €,-,3 habs.,2 baños,115 m²,lleida
"Casa o chalet con terraza en Lugar Santa Magdalena, Bellver de Cerdanya ",820.000 €,-,5 habs.,4 baños,280 m²,lleida
"Casa o chalet con calefacción en Camí de Santa Magdalena, Bellver de Cerdanya ",820.000 €,-,5 habs.,4 baños,300 m²,lleida
"Piso en C/ Bellavista,  Lleida Capital ",48.000 €,-,3 habs.,1 baño,83 m²,lleida
"Piso en C/ Priorat,  Lleida Capital ",69.000 €, 10.200 €,4 habs.,1 baño,90 m²,lleida
"Piso en C/ Daniel,  Lleida Capital ",61.500 €,-,2 habs.,1 baño,64 m²,lleida
"Piso en C/ Gaspar de Portola,  Lleida Capital ",26.000 €, 2.600 €,3 habs.,2 baños,72 m²,lleida
"Piso en Carrer Cardenal Cisneros, 4,  Lleida Capital ",85.000 €, 4.000 €,3 habs.,2 baños,93 m²,lleida
Casa o chalet con terraza en Alfarràs ,179.000 €,-,5 habs.,2 baños,225 m²,lleida
"Piso con terraza en La Teulera, Tremp ",55.700 €, 15.800 €,2 habs.,1 baño,83 m²,lleida
"Casa o chalet con 2 baños en Felix de Los Rios, Almenar ",63.000 €, 16.000 €,3 habs.,2 baños,158 m²,lleida
"Piso con 1 baño en Cl Verge de Montserrat,2 Esc:1 Pl:4 Pt:01 Mollerus, Mollerussa ",28.000 €, 10.500 €,3 habs.,1 baño,76 m²,lleida
Piso con terraza en  Lleida Capital ,160.000 €,-,4 habs.,1 baño,90 m²,lleida
Planta baja con terraza en  Lleida Capital ,320.000 €, 75.000 €,4 habs.,2 baños,130 m²,lleida
Casa o chalet con piscina en Prats i Sansor ,1.790.000 €,-,4 habs.,5 baños,452 m²,lleida
Piso con terraza en Almacelles ,54.500 €,-,2 habs.,2 baños,70 m²,lleida
Piso con balcón en  Lleida Capital ,145.000 €,-,4 habs.,2 baños,151 m²,lleida
Piso con terraza en  Lleida Capital ,87.000 €, 10.000 €,2 habs.,1 baño,93 m²,lleida
Apartamento con terraza en Alfarràs ,99.000 €,-,4 habs.,2 baños,142 m²,lleida
"Piso con ascensor en Balmes,  Lleida Capital ",69.000 €,-,2 habs.,1 baño,80 m²,lleida
"Casa o chalet en Carrer de L'arquitecte Villalonga, 2,  Lleida Capital ",420.000 €, 20.000 €,4 habs.,3 baños,323 m²,lleida
Piso con ascensor en  Lleida Capital ,49.000 €,-,2 habs.,1 baño,62 m²,lleida
Casa adosada con terraza en Montferrer i Castellbò ,520.000 €,-,3 habs.,3 baños,345 m²,lleida
Casa o chalet con terraza en Montferrer i Castellbò ,993.000 €,-,3 habs.,3 baños,640 m²,lleida
Casa o chalet con terraza en Prats i Sansor ,1.380.000 €,-,4 habs.,5 baños,285 m²,lleida
Piso con terraza en La Seu d'Urgell ,260.000 €,-,3 habs.,2 baños,107 m²,lleida
Ático con terraza en La Seu d'Urgell ,345.000 €,-,4 habs.,3 baños,139 m²,lleida
Piso con terraza en La Seu d'Urgell ,320.000 €,-,4 habs.,2 baños,136 m²,lleida
"Piso con terraza en Taquigraf Marti,  Lleida Capital ",67.000 €,-,3 habs.,1 baño,81 m²,lleida
"Casa o chalet con terraza en Carrer Serrat D'en Mingo, Solsona ",319.000 €, 49.000 €,5 habs.,2 baños,350 m²,lleida
"Casa o chalet con piscina en Hostal del Lluch, Alpicat ",395.000 €,-,5 habs.,2 baños,265 m²,lleida
"Casa adosada con 3 baños en De la Sardana, Mollerussa ",249.000 €,-,4 habs.,3 baños,230 m²,lleida
Piso con terraza en Albatàrrec ,137.000 €, 1.900 €,4 habs.,3 baños,155 m²,lleida
"Casa adosada en Carrer de la Franja de Ponent, 18,  Lleida Capital ",370.000 €,-,4 habs.,3 baños,200 m²,lleida
"Piso en Avinguda Príncep de Viana, 70,  Lleida Capital ",150.000 €, 10.000 €,4 habs.,2 baños,125 m²,lleida
"Piso en Avinguda de Marimunt, 2,  Lleida Capital ",317.000 €,-,3 habs.,2 baños,110 m²,lleida
"Piso en Gran Passeig de Ronda, 84,  Lleida Capital ",115.000 €,-,2 habs.,1 baño,88 m²,lleida
"Piso en Carrer Riu Llobregat, 1,  Lleida Capital ",125.000 €,-,4 habs.,2 baños,137 m²,lleida
"Piso con balcón en Manel Gaya I Tomas,  Lleida Capital ",175.000 €,-,4 habs.,2 baños,119 m²,lleida
"Piso en Carrer Vila Antònia, 1,  Lleida Capital ",180.000 €,-,4 habs.,3 baños,140 m²,lleida
"Piso en D'agustí Duran I Santpere, 17,  Lleida Capital ",185.000 €,-,3 habs.,2 baños,100 m²,lleida
"Casa o chalet con terraza en Conseller Comorera, Cervera ",186.000 €,-,3 habs.,2 baños,178 m²,lleida
Piso con balcón en  Lleida Capital ,94.500 €,-,4 habs.,1 baño,122 m²,lleida
Ático con terraza en  Lleida Capital ,219.800 €,-,3 habs.,2 baños,96 m²,lleida
Apartamento con balcón en  Lleida Capital ,169.860 €,-,4 habs.,2 baños,121 m²,lleida
Piso con balcón en  Lleida Capital ,192.400 €, 2.100 €,3 habs.,2 baños,99 m²,lleida
Piso con terraza en  Lleida Capital ,109.500 €,-,2 habs.,1 baño,76 m²,lleida
"Piso con balcón en Gran Paseo de Ronda,  Lleida Capital ",195.000 €,-,2 habs.,2 baños,105 m²,lleida
"Piso con balcón en Princep de Viana,  Lleida Capital ",135.000 €,-,4 habs.,2 baños,135 m²,lleida
"Piso en C/ la Pau,  Lleida Capital ",60.200 €,-,3 habs.,2 baños,72 m²,lleida
"Piso con ascensor en Gran Passeig de Ronda,  Lleida Capital ",135.000 €,-,4 habs.,2 baños,105 m²,lleida
Planta baja con terraza en  Lleida Capital ,162.000 €, 2.000 €,2 habs.,2 baños,84 m²,lleida
Piso con balcón en  Lleida Capital ,186.900 €, 2.100 €,4 habs.,2 baños,169 m²,lleida
"Piso en Avinguda del Doctor Fleming, 51,  Lleida Capital ",125.000 €,-,2 habs.,1 baño,71 m²,lleida
Piso con balcón en  Lleida Capital ,199.500 €,-,5 habs.,2 baños,180 m²,lleida
"Ático con ascensor en Pompeu,  Lleida Capital ",275.000 €,-,4 habs.,2 baños,140 m²,lleida
Apartamento con balcón en  Lleida Capital ,157.500 €,-,2 habs.,1 baño,80 m²,lleida
"Piso con balcón en Cl Baixad.mercadal, Agramunt ",41.000 €, 20.300 €,3 habs.,1 baño,82 m²,lleida
"Ático con terraza en Manel Venabent, La Molsosa ",140.000 €, 15.000 €,3 habs.,2 baños,100 m²,lleida
"Piso con ascensor en Historiador Josep Lladonosa,  Lleida Capital ",120.000 €, 4.000 €,4 habs.,2 baños,142 m²,lleida
Casa o chalet con piscina en  Lleida Capital ,547.000 €, 41.000 €,6 habs.,4 baños,422 m²,lleida
"Dúplex con ascensor en Pintor Xavier Gosé,  Lleida Capital ",298.000 €,-,4 habs.,3 baños,155 m²,lleida
"Casa o chalet en Carrer Enric Granados, 16,  Lleida Capital ",300.000 €,-,3 habs.,2 baños,145 m²,lleida
Casa o chalet con terraza en  Lleida Capital ,199.000 €,-,3 habs.,2 baños,117 m²,lleida
Piso con calefacción en  Lleida Capital ,79.400 €,-,3 habs.,1 baño,63 m²,lleida
Piso con calefacción en  Lleida Capital ,99.800 €,-,3 habs.,1 baño,111 m²,lleida
"Ático con terraza en Orvepard,  Lleida Capital ",83.000 €, 10.500 €,3 habs.,1 baño,97 m²,lleida
Finca rústica con balcón en Lles de Cerdanya ,480.000 €,-,5 habs.,3 baños,216 m²,lleida
Casa o chalet con piscina en  Lleida Capital ,265.000 €, 10.000 €,5 habs.,2 baños,318 m²,lleida
"Casa o chalet con terraza en Carrer de L'escultor Carles Mora, Navès ",250.000 €,-,4 habs.,4 baños,198 m²,lleida
"Finca rústica con 1 baño en De la Fuente - Castellnou, Cervera ",10.500 €,-,1 hab.,1 baño,131 m²,lleida
Casa adosada con 2 baños en Barbens ,58.000 €, 38.000 €,4 habs.,2 baños,166 m²,lleida
Casa o chalet con terraza en Torrefarrera ,275.000 €, 23.000 €,4 habs.,4 baños,300 m²,lleida
Finca rústica con piscina en  Lleida Capital ,265.000 €, 49.500 €,4 habs.,3 baños,307 m²,lleida
Piso con 1 baño en  Lleida Capital ,59.800 €,-,3 habs.,1 baño,83 m²,lleida
Piso con terraza en  Lleida Capital ,140.000 €,-,4 habs.,2 baños,108 m²,lleida
Piso con terraza en  Lleida Capital ,132.000 €,-,5 habs.,2 baños,194 m²,lleida
"Piso con terraza en Cavallers,  Lleida Capital ",18.000 €, 2.000 €,2 habs.,1 baño,60 m²,lleida
"Piso con balcón en Carrer de Pau Casals, Tàrrega ",89.000 €,-,3 habs.,2 baños,86 m²,lleida
"Dúplex con terraza en Carrer Alcalde Moles, Solsona ",121.500 €, 28.300 €,6 habs.,3 baños,140 m²,lleida
Piso en Balaguer ,20.000 €,-,2 habs.,-,67 m²,lleida
"Piso con ascensor en Indivil I Mandoni,  Lleida Capital ",40.000 €, 6.000 €,2 habs.,1 baño,87 m²,lleida
"Casa o chalet en General Prim, 32, Bellvís ",48.300 €, 37.700 €,4 habs.,1 baño,200 m²,lleida
"Casa o chalet en Camino Eras, Àger ",20.000 €,-,4 habs.,2 baños,219 m²,lleida
Casa o chalet con terraza en Prats i Sansor ,1.850.000 €,-,7 habs.,4 baños,580 m²,lleida
"Casa o chalet con 2 baños en Calle Mayor, Tremp ",64.500 €, 15.000 €,7 habs.,2 baños,300 m²,lleida
"Casa adosada con calefacción en Picines, Puigverd de Lleida ",198.000 €,-,4 habs.,3 baños,250 m²,lleida
"Piso con balcón en Aurora, Tàrrega ",26.000 €,-,2 habs.,1 baño,207 m²,lleida
"Casa o chalet con piscina en Canaima, Alpicat ",A consultar,-,4 habs.,3 baños,490 m²,lleida
"Casa adosada con terraza en Concordia, Alpicat ",210.000 €, 45.000 €,5 habs.,2 baños,350 m²,lleida
"Casa o chalet con terraza en Escoles,  Lleida Capital ",199.000 €,-,3 habs.,2 baños,230 m²,lleida
Finca rústica en Lladurs ,1.200.000 €,-,-,-,280 m²,lleida
Casa o chalet con terraza en Tremp ,173.000 €, 31.900 €,4 habs.,3 baños,210 m²,lleida
Casa o chalet con 3 baños en Tremp ,173.000 €,-,4 habs.,3 baños,210 m²,lleida
Piso con terraza en La Seu d'Urgell ,300.000 €,-,4 habs.,2 baños,133 m²,lleida
Piso con terraza en La Seu d'Urgell ,300.000 €,-,4 habs.,2 baños,133 m²,lleida
"Casa o chalet con 2 baños en Carrer de L'escultor Carles Mora, Navès ",179.000 €,-,3 habs.,2 baños,125 m²,lleida
Piso en Almacelles ,37.000 €, 4.100 €,3 habs.,-,69 m²,lleida
"Apartamento en Carrer de Mollerussa, 4,  Lleida Capital ",56.000 €, 3.000 €,2 habs.,1 baño,62 m²,lleida
"Obra Nueva Ático en Calle Vidal I Codina, 16,  Lleida Capital ",280.000 €,-,3 habs.,2 baños,101 m²,lleida
"Obra Nueva Piso con terraza en Avenida Miquel Batllori,  Lleida Capital ",264.500 €,-,4 habs.,2 baños,121 m²,lleida
"Obra Nueva Piso con terraza en Calle Sobernedo, Vielha e Mijaran ",480.000 €,-,3 habs.,2 baños,117 m²,lleida
Casa adosada con terraza en Torrefarrera ,249.000 €,-,5 habs.,3 baños,265 m²,lleida
"Dúplex con terraza en Carrer Bonavista, Alcarràs ",180.000 €, 20.000 €,4 habs.,2 baños,120 m²,lleida
"Piso con 1 baño en Carrer Els Valls, Sanaüja ",29.000 €, 6.000 €,3 habs.,1 baño,78 m²,lleida
"Piso con balcón en Costa Magdalena,  Lleida Capital ",59.000 €,-,3 habs.,1 baño,96 m²,lleida
"Casa o chalet en Carrer Lleida, 20, Els Alamús ",25.000 €,-,3 habs.,1 baño,130 m²,lleida
"Piso con balcón en Prat de la Riba,  Lleida Capital ",140.000 €,-,2 habs.,1 baño,58 m²,lleida
"Finca rústica en Carrer Roger de Llúria, 16, Soses ",45.000 €,-,3 habs.,1 baño,85 m²,lleida
Casa o chalet con calefacción en Les Borges Blanques ,120.000 €, 10.000 €,4 habs.,2 baños,168 m²,lleida
Casa o chalet con terraza en Rosselló ,160.000 €, 5.000 €,4 habs.,1 baño,225 m²,lleida
"Piso en Pompeu Fabra, 1, Mollerussa ",43.900 €, 19.100 €,3 habs.,1 baño,114 m²,lleida
"Piso en De Catalunya, 9, Mollerussa ",55.000 €,-,3 habs.,1 baño,101 m²,lleida
Casa o chalet con balcón en L'Albi ,35.000 €,-,3 habs.,1 baño,166 m²,lleida
"Piso con balcón en Raval del Carme, Les Borges Blanques ",53.000 €,-,3 habs.,2 baños,85 m²,lleida
Apartamento con balcón en  Lleida Capital ,95.000 €, 4.000 €,1 hab.,1 baño,45 m²,lleida
"Piso con balcón en Taquígraf Martí,  Lleida Capital ",90.000 €,-,3 habs.,1 baño,90 m²,lleida
"Obra Nueva Piso con piscina en Avenida Avda. Miquel Batllori Esquina C/albarés,  Lleida Capital ",178.000 €,-,3 habs.,2 baños,96 m²,lleida
"Estudio con ascensor en Carrer Príncep de Viana,  Lleida Capital ",100.000 €,-,1 hab.,1 baño,42 m²,lleida
"Ático con terraza en Carrer Verge del Coll, Salàs de Pallars ",150.000 €,-,3 habs.,2 baños,104 m²,lleida
"Obra Nueva Piso con terraza en Avenida Josep Irla,  Lleida Capital ",320.000 €,-,4 habs.,2 baños,117 m²,lleida
"Piso con 1 baño en Carrer del Músic Vivaldi,  Lleida Capital ",12.600 €,-,2 habs.,1 baño,42 m²,lleida
"Obra Nueva Piso en Calle Maria Montessori, 12,  Lleida Capital ",325.000 €,-,5 habs.,3 baños,153 m²,lleida
"Piso con 1 baño en Carrer de la Mariola,  Lleida Capital ",A consultar,-,2 habs.,1 baño,37 m²,lleida
"Casa o chalet con piscina en Carrer Pica D'estats, Golmés ",A consultar,-,5 habs.,3 baños,543 m²,lleida
Piso con terraza en La Seu d'Urgell ,310.000 €,-,4 habs.,2 baños,141 m²,lleida
Piso con terraza en La Seu d'Urgell ,320.000 €,-,4 habs.,2 baños,140 m²,lleida
"Obra Nueva Ático en Avenida Enric Farreny, 9,  Lleida Capital ",470.000 €,-,4 habs.,2 baños,134 m²,lleida
"Casa o chalet en Barceloneta, 14, Altafulla ",495.000 €,-,-,-,578 m²,tarragona
"Piso con balcón en Carrer D'antoni Isern, Reus ",165.000 €, 4.500 €,3 habs.,2 baños,102 m²,tarragona
Apartamento con terraza en Salou ,91.000 €,-,1 hab.,48 baños,48 m²,tarragona
Apartamento con terraza en Salou ,138.000 €, 12.000 €,2 habs.,1 baño,64 m²,tarragona
"Apartamento en Carrer de Pep Ventura, 28, Vila-seca ",230.000 €,-,3 habs.,2 baños,94 m²,tarragona
"Piso en Carrer del Canigó, 11, Roda de Berà ",210.000 €,-,2 habs.,1 baño,64 m²,tarragona
Piso con terraza en Cunit ,132.000 €,-,3 habs.,1 baño,85 m²,tarragona
"Piso con piscina en Mas D´en Gras, Vila-seca ",176.000 €,-,3 habs.,2 baños,102 m²,tarragona
Piso con piscina en Torredembarra ,129.900 €,-,2 habs.,1 baño,53 m²,tarragona
"Piso en C/ Robert D´aguiló, Vila-seca ",179.000 €, 25.300 €,3 habs.,2 baños,94 m²,tarragona
"Piso en C/ Fresno,  Tarragona Capital ",53.300 €,-,3 habs.,1 baño,70 m²,tarragona
"Piso en Pza Federico García Lorca,  Tarragona Capital ",115.000 €, 52.100 €,3 habs.,2 baños,90 m²,tarragona
"Casa o chalet con terraza en Calle Pi de Baltazar, Mont-roig del Camp ",900.000 €,-,5 habs.,7 baños,516 m²,tarragona
Piso con terraza en Cunit ,246.000 €,-,3 habs.,2 baños,120 m²,tarragona
"Piso en C/ Alta del Carmen, Reus ",64.500 €,-,3 habs.,1 baño,65 m²,tarragona
"Piso en C/ Priorato,  Tarragona Capital ",62.000 €,-,3 habs.,1 baño,66 m²,tarragona
"Casa o chalet en C/ de la Pau, Roda de Berà ",122.600 €, 6.400 €,3 habs.,2 baños,61 m²,tarragona
Casa adosada con terraza en El Vendrell ,187.000 €,-,4 habs.,2 baños,156 m²,tarragona
Planta baja con terraza en Calafell ,154.000 €, 5.000 €,3 habs.,2 baños,78 m²,tarragona
Casa o chalet con terraza en El Vendrell ,210.000 €,-,3 habs.,2 baños,104 m²,tarragona
"Casa o chalet en Roquetes, 4, Deltebre ",110.000 €, 9.000 €,3 habs.,2 baños,170 m²,tarragona
Piso con terraza en Tortosa ,44.000 €,-,6 habs.,2 baños,211 m²,tarragona
"Casa o chalet con terraza en Carrer de Ramon Casas, Roda de Berà ",279.000 €, 13.000 €,4 habs.,3 baños,300 m²,tarragona
"Casa o chalet con piscina en Calle Panamà, Calafell ",475.000 €,-,5 habs.,3 baños,197 m²,tarragona
"Casa adosada con terraza en Carrer de Josep Irla I Bosch, Roda de Berà ",275.000 €,-,3 habs.,3 baños,207 m²,tarragona
"Casa o chalet en Carrer Puigcerver, 14, Cambrils ",397.000 €,-,4 habs.,3 baños,190 m²,tarragona
Ático con terraza en El Vendrell ,121.000 €,-,3 habs.,1 baño,76 m²,tarragona
"Piso en Passeig Prim, 6, Reus ",169.000 €, 6.000 €,4 habs.,2 baños,133 m²,tarragona
"Piso en Joan Fuster, 15,  Tarragona Capital ",370.000 €,-,3 habs.,2 baños,106 m²,tarragona
"Piso en Carrer de Lluís Domènech I Montaner, 3, Salou ",320.000 €,-,3 habs.,2 baños,107 m²,tarragona
"Casa adosada en Carrer Praga, 20, Cambrils ",429.000 €,-,5 habs.,3 baños,205 m²,tarragona
"Piso en Robert Daguilo, 43,  Tarragona Capital ",317.000 €, 8.000 €,3 habs.,2 baños,97 m²,tarragona
"Piso en Dr Mallafre Guasch, 3,  Tarragona Capital ",167.000 €,-,2 habs.,1 baño,66 m²,tarragona
"Planta baja en Xuquer, 4, Calafell ",164.000 €, 5.000 €,3 habs.,2 baños,126 m²,tarragona
"Ático en Carrer de Castell Tamarit, Cambrils ",236.900 €,-,3 habs.,2 baños,92 m²,tarragona
"Piso en Plaça de Girona, 7, Mont-roig del Camp ",147.000 €, 5.500 €,3 habs.,1 baño,88 m²,tarragona
"Piso con terraza en Romani-la Muntanyeta, El Vendrell ",119.000 €,-,3 habs.,2 baños,76 m²,tarragona
"Piso en Carrer de Vilamar, 100, Calafell ",167.580 €,-,3 habs.,2 baños,100 m²,tarragona
"Piso en Passeig Marítim, Mont-roig del Camp ",129.000 €, 20.000 €,2 habs.,2 baños,80 m²,tarragona
"Piso en Castellers Tarragona, 9,  Tarragona Capital ",240.000 €,-,4 habs.,2 baños,111 m²,tarragona
"Piso con calefacción en Carrer Emigdio Rodríguez Pita, Calafell ",74.600 €, 8.200 €,2 habs.,1 baño,53 m²,tarragona
"Planta baja en Romani-la Muntanyeta, 2, El Vendrell ",125.000 €, 4.000 €,3 habs.,2 baños,76 m²,tarragona
"Casa adosada en Carrer Tordera, 14, Mont-roig del Camp ",167.000 €,-,3 habs.,1 baño,85 m²,tarragona
"Dúplex en Avinguda de la Diputació, 128, Cambrils ",240.000 €, 110.000 €,3 habs.,2 baños,100 m²,tarragona
"Piso con terraza en Avinguda de Ramon D'olzina, Vila-seca ",199.000 €,-,3 habs.,2 baños,100 m²,tarragona
"Planta baja en Carrer del Canigó, 11, Roda de Berà ",258.000 €,-,2 habs.,1 baño,66 m²,tarragona
Casa adosada con piscina en Creixell ,235.000 €, 10.000 €,3 habs.,2 baños,105 m²,tarragona
"Piso con terraza en Prim, Reus ",349.000 €,-,5 habs.,3 baños,281 m²,tarragona
"Piso en Angel Guimera, 1, Calafell ",390.000 €,-,4 habs.,3 baños,119 m²,tarragona
"Piso con balcón en Ginebro, El Vendrell ",110.000 €,-,3 habs.,1 baño,80 m²,tarragona
"Piso con terraza en Joan Maragall, Calafell ",160.000 €,-,3 habs.,2 baños,83 m²,tarragona
"Casa o chalet con piscina en Sant Cosme I Damia, El Vendrell ",428.000 €,-,4 habs.,2 baños,301 m²,tarragona
"Piso con balcón en Carrer de Maria Mercè Marçal I Serra, Reus ",198.500 €,-,4 habs.,2 baños,154 m²,tarragona
"Piso con terraza en Calle Alfredo Opisso,  Tarragona Capital ",159.000 €,-,3 habs.,2 baños,82 m²,tarragona
"Piso con balcón en Salauris, Vila-seca ",138.900 €, 10.100 €,4 habs.,1 baño,88 m²,tarragona
"Piso con terraza en Vilamar, Calafell ",195.000 €,-,3 habs.,2 baños,90 m²,tarragona
"Piso con terraza en Prat de la Riba, Reus ",145.000 €,-,3 habs.,1 baño,93 m²,tarragona
Casa o chalet con piscina en Calafell ,280.000 €,-,4 habs.,3 baños,195 m²,tarragona
"Piso en Maritim Sant Joan de Deu, 80, Calafell ",265.000 €,-,3 habs.,1 baño,70 m²,tarragona
"Piso en C/ Riu Besos,  Tarragona Capital ",172.200 €,-,3 habs.,1 baño,106 m²,tarragona
"Ático con terraza en Passeig Marítim, Mont-roig del Camp ",180.000 €,-,2 habs.,1 baño,68 m²,tarragona
"Piso en C/ Vía Aurelia, Salou ",143.900 €, 17.700 €,2 habs.,1 baño,63 m²,tarragona
"Piso en Calvari, 6, Benissanet ",50.000 €, 3.000 €,2 habs.,1 baño,73 m²,tarragona
"Casa o chalet en Calle Galicia  en  Ur Mirados Pdes, 37, El Montmell ",234.500 €, 35.500 €,8 habs.,2 baños,363 m²,tarragona
"Ático con terraza en Carrer la Sardana, El Morell ",174.900 €,-,4 habs.,2 baños,120 m²,tarragona
Casa o chalet en El Montmell ,230.000 €,-,6 habs.,2 baños,232 m²,tarragona
"Apartamento con terraza en Carrer de Cambrils, Salou ",245.000 €,-,5 habs.,2 baños,200 m²,tarragona
"Piso con terraza en Roser, Reus ",159.000 €,-,3 habs.,2 baños,95 m²,tarragona
"Piso en C/ Estel, Reus ",75.000 €, 13.500 €,2 habs.,1 baño,123 m²,tarragona
Piso con balcón en El Vendrell ,99.990 €,-,2 habs.,2 baños,79 m²,tarragona
"Apartamento en C/ Montblanc,  Tarragona Capital ",37.000 €,-,2 habs.,1 baño,64 m²,tarragona
"Piso en C/ Vint- Bonavista,  Tarragona Capital ",58.000 €, 5.600 €,3 habs.,1 baño,75 m²,tarragona
"Piso en C/ Mossen Lluis Batlle, Vila-seca ",205.000 €, 29.000 €,3 habs.,2 baños,108 m²,tarragona
"Piso en C/ Riu Glorieta,  Tarragona Capital ",60.200 €,-,3 habs.,1 baño,66 m²,tarragona
"Piso en Av Barcelona, Reus ",47.000 €,-,3 habs.,1 baño,65 m²,tarragona
"Piso en Av Barcelona, Reus ",47.000 €,-,3 habs.,1 baño,63 m²,tarragona
Casa adosada con terraza en Altafulla ,375.000 €,-,5 habs.,4 baños,227 m²,tarragona
"Piso en C/ Aigüa Nova, Reus ",70.000 €, 9.600 €,3 habs.,1 baño,59 m²,tarragona
"Piso con balcón en Beatriu de Queralt, Vila-seca ",189.000 €,-,4 habs.,2 baños,101 m²,tarragona
Casa adosada con terraza en Torredembarra ,315.000 €,-,4 habs.,3 baños,218 m²,tarragona
"Piso con balcón en Riera, Vila-seca ",149.840 €, 15.000 €,4 habs.,1 baño,90 m²,tarragona
"Piso en C/ Alta del Carmen, Reus ",53.000 €, 8.300 €,3 habs.,1 baño,61 m²,tarragona
"Piso en Cr Valencia,  Tarragona Capital ",62.700 €,-,3 habs.,1 baño,95 m²,tarragona
"Piso en C/ Mare Molas, Reus ",74.800 €,-,3 habs.,1 baño,65 m²,tarragona
"Piso con terraza en Carrer Emili Vendrell, Vila-seca ",172.000 €,-,2 habs.,1 baño,80 m²,tarragona
"Piso en C/ Francoli,  Tarragona Capital ",66.600 €,-,3 habs.,1 baño,89 m²,tarragona
"Piso en C/ San Juan, Reus ",169.100 €,-,4 habs.,2 baños,135 m²,tarragona
"Piso en C/ Riu Llobregat,  Tarragona Capital ",58.000 €, 9.000 €,3 habs.,1 baño,92 m²,tarragona
Casa adosada con terraza en Torredembarra ,350.000 €,-,5 habs.,3 baños,276 m²,tarragona
Piso con terraza en El Vendrell ,106.500 €,-,2 habs.,2 baños,73 m²,tarragona
Piso con terraza en Calafell ,99.000 €,-,2 habs.,1 baño,64 m²,tarragona
"Ático con terraza en Carrer de Josep Maria de Sagarra, Vila-seca ",247.500 €,-,3 habs.,2 baños,95 m²,tarragona
Planta baja con terraza en Mont-roig del Camp ,160.000 €,-,2 habs.,2 baños,72 m²,tarragona
"Piso en C/ del Francolí,  Tarragona Capital ",34.700 €,-,3 habs.,1 baño,59 m²,tarragona
Piso con balcón en Calafell ,128.000 €,-,3 habs.,1 baño,76 m²,tarragona
"Piso en Av. Pallaresos (urb. San Salvador),  Tarragona Capital ",33.600 €,-,3 habs.,1 baño,62 m²,tarragona
Piso con terraza en El Vendrell ,99.500 €,-,3 habs.,2 baños,88 m²,tarragona
Casa adosada con terraza en Cunit ,252.000 €,-,3 habs.,2 baños,120 m²,tarragona
"Casa adosada en C/ Arquitecte Caselles, Reus ",63.000 €,-,2 habs.,1 baño,84 m²,tarragona
Casa o chalet con piscina en Mont-roig del Camp ,357.524 €,-,3 habs.,3 baños,193 m²,tarragona
"Piso en C/ Muralla, Reus ",65.000 €,-,3 habs.,1 baño,65 m²,tarragona
"Piso con ascensor en Carrer de L'alcalde Joan Bertran, Reus ",214.500 €,-,4 habs.,2 baños,148 m²,tarragona
Dúplex con terraza en Calafell ,189.000 €,-,3 habs.,2 baños,64 m²,tarragona
Ático con terraza en Reus ,239.000 €,-,3 habs.,2 baños,94 m²,tarragona
"Casa adosada con terraza en Ermita, Calafell ",235.000 €,-,3 habs.,2 baños,97 m²,tarragona
"Piso con piscina en Oliveres, Torredembarra ",182.000 €,-,3 habs.,2 baños,111 m²,tarragona
Piso con terraza en Mont-roig del Camp ,142.000 €, 26.000 €,2 habs.,2 baños,66 m²,tarragona
"Piso con balcón en Avinguda de Marià Fortuny, Reus ",133.500 €,-,4 habs.,1 baño,134 m²,tarragona
Casa o chalet con terraza en Roda de Berà ,339.000 €,-,4 habs.,3 baños,186 m²,tarragona
"Piso con balcón en Carrer Antoni Gaudí, Reus ",267.500 €,-,6 habs.,3 baños,183 m²,tarragona
"Piso con balcón en Carrer de Manresa, Reus ",189.900 €,-,3 habs.,2 baños,107 m²,tarragona
Casa o chalet con piscina en El Vendrell ,236.000 €,-,3 habs.,1 baño,124 m²,tarragona
"Piso con 1 baño en Avinguda de Manuel Carrasco I Formiguera, La Canonja ",99.900 €,-,3 habs.,1 baño,95 m²,tarragona
Piso con balcón en Calafell ,140.625 €,-,2 habs.,2 baños,74 m²,tarragona
"Piso con 1 baño en Valencia, Sant Jaume d'Enveja ",30.000 €, 32.000 €,2 habs.,1 baño,111 m²,tarragona
Planta baja con terraza en El Vendrell ,80.000 €,-,3 habs.,1 baño,77 m²,tarragona
"Apartamento con 1 baño en Cl Trinquet,20 Esc:1 Pl:0 Pt:01 Deltebre (tarragon, Deltebre ",33.000 €,-,2 habs.,1 baño,176 m²,tarragona
"Casa o chalet con terraza en Carrer de Frederic Soler, Reus ",212.500 €,-,3 habs.,1 baño,86 m²,tarragona
Planta baja con terraza en Calafell ,138.000 €,-,3 habs.,1 baño,70 m²,tarragona
Piso con balcón en El Vendrell ,119.000 €,-,3 habs.,2 baños,82 m²,tarragona
Piso con ascensor en El Vendrell ,119.990 €,-,3 habs.,1 baño,79 m²,tarragona
"Casa adosada con terraza en Avenida Independencia, Cambrils ",330.000 €, 30.000 €,5 habs.,3 baños,266 m²,tarragona
Ático con terraza en El Vendrell ,156.000 €, 19.000 €,4 habs.,2 baños,169 m²,tarragona
"Casa o chalet con piscina en Marinada, Calafell ",495.000 €, 40.000 €,5 habs.,2 baños,207 m²,tarragona
"Casa o chalet con piscina en Joan Vinyoli, El Vendrell ",332.000 €,-,5 habs.,4 baños,300 m²,tarragona
Piso con piscina en Altafulla ,268.000 €, 6.000 €,3 habs.,2 baños,104 m²,tarragona
Casa o chalet con piscina en La Pobla de Montornès   ,260.000 €,-,7 habs.,3 baños,180 m²,tarragona
"Planta baja con terraza en De L'esparver, El Vendrell ",205.000 €, 20.000 €,3 habs.,2 baños,104 m²,tarragona
"Casa adosada con terraza en Mare de Deu Guadalupe, Reus ",153.000 €, 22.000 €,4 habs.,2 baños,114 m²,tarragona
Piso con calefacción en Calafell ,147.000 €,-,3 habs.,1 baño,83 m²,tarragona
Casa adosada con piscina en Calafell ,330.000 €,-,4 habs.,3 baños,178 m²,tarragona
Casa adosada con terraza en Cambrils ,237.000 €, 13.000 €,3 habs.,4 baños,120 m²,tarragona
Planta baja con terraza en Calafell ,168.000 €,-,2 habs.,1 baño,60 m²,tarragona
"Piso con balcón en Valls, El Vendrell ",75.000 €,-,3 habs.,1 baño,83 m²,tarragona
Piso con balcón en Mont-roig del Camp ,75.000 €, 7.000 €,2 habs.,1 baño,51 m²,tarragona
Piso con 1 baño en Santa Bàrbara ,49.000 €, 40.500 €,3 habs.,1 baño,144 m²,tarragona
Piso con terraza en Constantí ,110.000 €, 9.000 €,4 habs.,2 baños,140 m²,tarragona
Planta baja con terraza en Calafell ,165.000 €,-,3 habs.,1 baño,95 m²,tarragona
"Casa o chalet con piscina en Antoni Maria Claret, Cambrils ",550.000 €,-,5 habs.,4 baños,285 m²,tarragona
Piso con terraza en Vila-seca ,80.000 €, 12.500 €,3 habs.,1 baño,100 m²,tarragona
Casa adosada con piscina en Alcanar ,189.900 €,-,3 habs.,2 baños,111 m²,tarragona
Casa o chalet con piscina en Roda de Berà ,680.000 €,-,6 habs.,4 baños,245 m²,tarragona
Ático con terraza en El Vendrell ,98.000 €,-,2 habs.,1 baño,75 m²,tarragona
Piso con terraza en La Canonja ,54.000 €,-,2 habs.,1 baño,104 m²,tarragona
Casa o chalet con terraza en La Bisbal del Penedès ,155.000 €, 35.000 €,5 habs.,2 baños,352 m²,tarragona
Piso con terraza en Móra d'Ebre ,49.000 €,-,3 habs.,2 baños,88 m²,tarragona
Piso con terraza en  Tarragona Capital ,179.000 €, 10.000 €,3 habs.,2 baños,104 m²,tarragona
Casa adosada con 1 baño en La Canonja ,290.000 €,-,5 habs.,1 baño,190 m²,tarragona
Casa adosada con terraza en Sant Carles de la Ràpita ,A consultar,-,3 habs.,2 baños,180 m²,tarragona
"Casa o chalet en Carrer D'alfred Sisley, Cambrils ",466.000 €,-,4 habs.,3 baños,170 m²,tarragona
